state,mapped_activity,purity
0,4,0.7988077496274217
1,5,0.5575275397796817
2,4,0.5818815331010453
3,3,0.6307471264367817
4,0,0.3428011753183154
5,0,0.35664335664335667
